{"is_source_file": true, "format": "Python", "description": "This file contains CRUD (Create, Read, Update, Delete) operations for various models (Recipe, Category, User, Favorite) in a recipe management backend, using SQLAlchemy ORM for database interactions.", "external_files": ["models", "schemas"], "external_methods": ["models.Recipe", "models.Ingredient", "models.Category", "models.User", "models.Favorite", "schemas.RecipeCreate", "schemas.CategoryCreate", "schemas.UserCreate"], "published": [], "classes": [], "methods": [{"name": "get_recipe", "description": "Retrieve a recipe by its ID."}, {"name": "get_recipes", "description": "Retrieve a list of recipes with pagination."}, {"name": "create_recipe", "description": "Create a new recipe with ingredients and associate it with a user."}, {"name": "search_recipes", "description": "Search recipes by title or ingredient name."}, {"name": "get_categories", "description": "Retrieve a list of categories with pagination."}, {"name": "get_category", "description": "Retrieve a category by its ID."}, {"name": "create_category", "description": "Create a new category."}, {"name": "get_user", "description": "Retrieve a user by ID."}, {"name": "get_user_by_email", "description": "Retrieve a user by email."}, {"name": "create_user", "description": "Create a new user with a hashed password."}, {"name": "add_favorite", "description": "Add a recipe to a user's favorites."}, {"name": "get_favorites", "description": "Retrieve all favorite recipes for a user."}, {"name": "remove_favorite", "description": "Remove a recipe from a user's favorites."}], "calls": ["db.query", "db.add", "db.commit", "db.refresh", "db.delete", "models.Recipe", "models.Ingredient", "models.Category", "models.User", "models.Favorite", "schemas.RecipeCreate", "schemas.CategoryCreate", "schemas.UserCreate", "or_"], "search-terms": ["CRUD", "recipe", "category", "user", "favorite", "ingredient", "search", "SQLAlchemy", "ORM"], "state": 2, "file_id": 8, "knowledge_revision": 16, "git_revision": "", "ctags": [], "hash": null, "format-version": 4, "code-base-name": "recipe_backend", "filename": "recipe_backend/src/crud.py", "revision_history": [{"16": ""}]}