{"is_source_file": true, "format": "Python", "description": "This file defines a configuration class 'Settings' using Pydantic's BaseSettings for handling application settings such as project name, API prefix, database URL, and CORS origins, loading environment variables from a .env file.", "external_files": [".env"], "external_methods": ["pydantic.BaseSettings", "pydantic.validator"], "published": ["settings"], "classes": [{"name": "Settings", "description": "A Pydantic BaseSettings class for application configuration, including validation for CORS origins."}], "methods": [{"name": "Union[List[str],str] assemble_cors_origins(cls, v: Union[str, List[str]])", "description": "Validator method that processes the ALLOWED_ORIGINS environment variable, converting a comma-separated string into a list of strings if necessary.", "scope": "Settings", "scopeKind": "class"}], "calls": ["Settings.__init__", "assemble_cors_origins"], "search-terms": ["BaseSettings", "ALLOWED_ORIGINS", "assemble_cors_origins", "env_file", "Configuration", "pydantic"], "state": 2, "file_id": 14, "knowledge_revision": 23, "git_revision": "", "ctags": [{"_type": "tag", "name": "ALLOWED_ORIGINS", "path": "/home/kavia/workspace/code-generation/recipe-explorer-318915-318926/recipe_backend/src/core/config.py", "pattern": "/^    ALLOWED_ORIGINS: Union[List[str], str] = []$/", "language": "Python", "typeref": "typename:Union[List[str], str]", "kind": "variable", "scope": "Settings", "scopeKind": "class"}, {"_type": "tag", "name": "API_V1_STR", "path": "/home/kavia/workspace/code-generation/recipe-explorer-318915-318926/recipe_backend/src/core/config.py", "pattern": "/^    API_V1_STR: str = \"\\/api\"$/", "language": "Python", "typeref": "typename:str", "kind": "variable", "scope": "Settings", "scopeKind": "class"}, {"_type": "tag", "name": "Config", "path": "/home/kavia/workspace/code-generation/recipe-explorer-318915-318926/recipe_backend/src/core/config.py", "pattern": "/^    class Config:$/", "language": "Python", "kind": "class", "scope": "Settings", "scopeKind": "class"}, {"_type": "tag", "name": "PROJECT_NAME", "path": "/home/kavia/workspace/code-generation/recipe-explorer-318915-318926/recipe_backend/src/core/config.py", "pattern": "/^    PROJECT_NAME: str = \"Recipe Explorer\"$/", "language": "Python", "typeref": "typename:str", "kind": "variable", "scope": "Settings", "scopeKind": "class"}, {"_type": "tag", "name": "Settings", "path": "/home/kavia/workspace/code-generation/recipe-explorer-318915-318926/recipe_backend/src/core/config.py", "pattern": "/^class Settings(BaseSettings):$/", "language": "Python", "kind": "class"}, {"_type": "tag", "name": "assemble_cors_origins", "path": "/home/kavia/workspace/code-generation/recipe-explorer-318915-318926/recipe_backend/src/core/config.py", "pattern": "/^    def assemble_cors_origins(cls, v: Union[str, List[str]]) -> Union[List[str], str]:$/", "language": "Python", "typeref": "typename:Union[List[str],str]", "kind": "member", "signature": "(cls, v: Union[str, List[str]])", "scope": "Settings", "scopeKind": "class"}, {"_type": "tag", "name": "case_sensitive", "path": "/home/kavia/workspace/code-generation/recipe-explorer-318915-318926/recipe_backend/src/core/config.py", "pattern": "/^        case_sensitive = True$/", "language": "Python", "kind": "variable", "scope": "Settings.Config", "scopeKind": "class"}, {"_type": "tag", "name": "env_file", "path": "/home/kavia/workspace/code-generation/recipe-explorer-318915-318926/recipe_backend/src/core/config.py", "pattern": "/^        env_file = \".env\"$/", "language": "Python", "kind": "variable", "scope": "Settings.Config", "scopeKind": "class"}, {"_type": "tag", "name": "settings", "path": "/home/kavia/workspace/code-generation/recipe-explorer-318915-318926/recipe_backend/src/core/config.py", "pattern": "/^settings = Settings()$/", "language": "Python", "kind": "variable"}], "hash": "cbba7b22e513720073b14521c8dee70f", "format-version": 4, "code-base-name": "recipe_backend", "filename": "recipe_backend/src/core/config.py", "fields": [{"name": "Union[List[str], str] ALLOWED_ORIGINS", "scope": "Settings", "scopeKind": "class", "description": "unavailable"}, {"name": "str API_V1_STR", "scope": "Settings", "scopeKind": "class", "description": "unavailable"}, {"name": "str PROJECT_NAME", "scope": "Settings", "scopeKind": "class", "description": "unavailable"}, {"name": "case_sensitive = True", "scope": "Settings.Config", "scopeKind": "class", "description": "unavailable"}, {"name": "env_file = \".env\"", "scope": "Settings.Config", "scopeKind": "class", "description": "unavailable"}, {"name": "settings = Settings()", "scope": "", "scopeKind": "", "description": "unavailable"}], "revision_history": [{"23": ""}]}