{"is_source_file": true, "format": "Python (FastAPI)", "description": "This is a route module implementing API endpoints for retrieving recipe data, including list and detail views, using FastAPI router and SQLAlchemy ORM.", "external_files": ["src/db/session", "src/db/models"], "external_methods": ["get_db", "select", "or_"], "published": ["router"], "classes": [], "methods": [{"name": "read_recipes( skip: int = 0, limit: int = 100, search: Optional[str] = None, category_id: Optional[int] = None, db: AsyncSession = Depends(get_db) )", "description": "Endpoint to get a list of recipes with optional search and category filtering.", "scope": "", "scopeKind": ""}, {"name": "read_recipe(recipe_id: int, db: AsyncSession = Depends(get_db))", "description": "Endpoint to get detailed information for a specific recipe by ID.", "scope": "", "scopeKind": ""}], "calls": ["select(Recipe)", "or_(Recipe.title.ilike(...), Recipe.ingredients.ilike(...))", "select(Recipe).filter(Recipe.id == recipe_id)", "result.scalars().all()", "result.scalar_one_or_none()", "db.execute(query)"], "search-terms": ["FastAPI recipes route", "recipe API endpoint", "SQLAlchemy async query", "recipe detail retrieval", "filter recipes", "ingredients search"], "state": 2, "file_id": 17, "knowledge_revision": 30, "git_revision": "", "ctags": [{"_type": "tag", "name": "read_recipe", "path": "/home/kavia/workspace/code-generation/recipe-explorer-318915-318926/recipe_backend/src/api/routes/recipes.py", "pattern": "/^async def read_recipe(recipe_id: int, db: AsyncSession = Depends(get_db)):$/", "language": "Python", "kind": "function", "signature": "(recipe_id: int, db: AsyncSession = Depends(get_db))"}, {"_type": "tag", "name": "read_recipes", "path": "/home/kavia/workspace/code-generation/recipe-explorer-318915-318926/recipe_backend/src/api/routes/recipes.py", "pattern": "/^async def read_recipes($/", "language": "Python", "kind": "function", "signature": "( skip: int = 0, limit: int = 100, search: Optional[str] = None, category_id: Optional[int] = None, db: AsyncSession = Depends(get_db) )"}, {"_type": "tag", "name": "router", "path": "/home/kavia/workspace/code-generation/recipe-explorer-318915-318926/recipe_backend/src/api/routes/recipes.py", "pattern": "/^router = APIRouter()$/", "language": "Python", "kind": "variable"}], "hash": "a1766153feca6759176217797603d7f3", "format-version": 4, "code-base-name": "recipe_backend", "filename": "recipe_backend/src/api/routes/recipes.py", "fields": [{"name": "router = APIRouter()", "scope": "", "scopeKind": "", "description": "unavailable"}], "revision_history": [{"30": ""}]}