{"is_source_file": true, "format": "Python", "description": "This file contains Pydantic schema models for various entities in the recipe exploration backend, including ingredients, recipes, categories, users, and favorites. It defines data structures used for data validation and transfer within the application.", "external_files": ["pydantic", "typing", "datetime"], "external_methods": [], "published": ["IngredientBase", "IngredientCreate", "Ingredient", "RecipeBase", "RecipeCreate", "Recipe", "CategoryBase", "CategoryCreate", "Category", "UserBase", "UserCreate", "User", "FavoriteCreate", "Favorite"], "classes": [{"name": "IngredientBase", "description": "Schema for basic ingredient data, including name, quantity, and optional unit."}, {"name": "IngredientCreate", "description": "Schema for creating a new ingredient, extending IngredientBase."}, {"name": "Ingredient", "description": "Schema representing an ingredient with additional id and recipe association, includes configuration to instantiate from attributes."}, {"name": "RecipeBase", "description": "Schema for core recipe data, including title, description, instructions, optional image URL, and category association."}, {"name": "RecipeCreate", "description": "Schema for creating a new recipe, extends RecipeBase and includes a list of ingredients."}, {"name": "Recipe", "description": "Schema representing a recipe with id, owner, timestamps, and ingredients, configured for from_attributes."}, {"name": "CategoryBase", "description": "Schema for category data, including name, optional description, and image URL."}, {"name": "CategoryCreate", "description": "Schema for creating a new category, based on CategoryBase."}, {"name": "Category", "description": "Schema representing a category with id and list of recipes, with from_attributes configuration."}, {"name": "UserBase", "description": "Basic user information schema with username and email."}, {"name": "UserCreate", "description": "Schema for creating a new user, extending UserBase and adding a password."}, {"name": "User", "description": "Schema representing a user entity with id, configured for from_attributes."}, {"name": "FavoriteCreate", "description": "Schema for creating a favorite, referencing a recipe_id."}, {"name": "Favorite", "description": "Schema representing a favorite relation with user_id and recipe_id, configured for from_attributes."}], "methods": [], "calls": [], "search-terms": ["pydantic schemas", "recipe backend", "ingredient schema", "recipe schema", "category schema", "user schema", "favorite schema"], "state": 2, "file_id": 7, "knowledge_revision": 12, "git_revision": "", "ctags": [{"_type": "tag", "name": "Category", "path": "/home/kavia/workspace/code-generation/recipe-explorer-318915-318926/recipe_backend/src/schemas.py", "pattern": "/^class Category(CategoryBase):$/", "language": "Python", "kind": "class"}, {"_type": "tag", "name": "CategoryBase", "path": "/home/kavia/workspace/code-generation/recipe-explorer-318915-318926/recipe_backend/src/schemas.py", "pattern": "/^class CategoryBase(BaseModel):$/", "language": "Python", "kind": "class"}, {"_type": "tag", "name": "CategoryCreate", "path": "/home/kavia/workspace/code-generation/recipe-explorer-318915-318926/recipe_backend/src/schemas.py", "pattern": "/^class CategoryCreate(CategoryBase):$/", "language": "Python", "kind": "class"}, {"_type": "tag", "name": "Config", "path": "/home/kavia/workspace/code-generation/recipe-explorer-318915-318926/recipe_backend/src/schemas.py", "pattern": "/^    class Config:$/", "language": "Python", "kind": "class", "scope": "Category", "scopeKind": "class"}, {"_type": "tag", "name": "Config", "path": "/home/kavia/workspace/code-generation/recipe-explorer-318915-318926/recipe_backend/src/schemas.py", "pattern": "/^    class Config:$/", "language": "Python", "kind": "class", "scope": "Favorite", "scopeKind": "class"}, {"_type": "tag", "name": "Config", "path": "/home/kavia/workspace/code-generation/recipe-explorer-318915-318926/recipe_backend/src/schemas.py", "pattern": "/^    class Config:$/", "language": "Python", "kind": "class", "scope": "Ingredient", "scopeKind": "class"}, {"_type": "tag", "name": "Config", "path": "/home/kavia/workspace/code-generation/recipe-explorer-318915-318926/recipe_backend/src/schemas.py", "pattern": "/^    class Config:$/", "language": "Python", "kind": "class", "scope": "Recipe", "scopeKind": "class"}, {"_type": "tag", "name": "Config", "path": "/home/kavia/workspace/code-generation/recipe-explorer-318915-318926/recipe_backend/src/schemas.py", "pattern": "/^    class Config:$/", "language": "Python", "kind": "class", "scope": "User", "scopeKind": "class"}, {"_type": "tag", "name": "Favorite", "path": "/home/kavia/workspace/code-generation/recipe-explorer-318915-318926/recipe_backend/src/schemas.py", "pattern": "/^class Favorite(BaseModel):$/", "language": "Python", "kind": "class"}, {"_type": "tag", "name": "FavoriteCreate", "path": "/home/kavia/workspace/code-generation/recipe-explorer-318915-318926/recipe_backend/src/schemas.py", "pattern": "/^class FavoriteCreate(BaseModel):$/", "language": "Python", "kind": "class"}, {"_type": "tag", "name": "Ingredient", "path": "/home/kavia/workspace/code-generation/recipe-explorer-318915-318926/recipe_backend/src/schemas.py", "pattern": "/^class Ingredient(IngredientBase):$/", "language": "Python", "kind": "class"}, {"_type": "tag", "name": "IngredientBase", "path": "/home/kavia/workspace/code-generation/recipe-explorer-318915-318926/recipe_backend/src/schemas.py", "pattern": "/^class IngredientBase(BaseModel):$/", "language": "Python", "kind": "class"}, {"_type": "tag", "name": "IngredientCreate", "path": "/home/kavia/workspace/code-generation/recipe-explorer-318915-318926/recipe_backend/src/schemas.py", "pattern": "/^class IngredientCreate(IngredientBase):$/", "language": "Python", "kind": "class"}, {"_type": "tag", "name": "Recipe", "path": "/home/kavia/workspace/code-generation/recipe-explorer-318915-318926/recipe_backend/src/schemas.py", "pattern": "/^class Recipe(RecipeBase):$/", "language": "Python", "kind": "class"}, {"_type": "tag", "name": "RecipeBase", "path": "/home/kavia/workspace/code-generation/recipe-explorer-318915-318926/recipe_backend/src/schemas.py", "pattern": "/^class RecipeBase(BaseModel):$/", "language": "Python", "kind": "class"}, {"_type": "tag", "name": "RecipeCreate", "path": "/home/kavia/workspace/code-generation/recipe-explorer-318915-318926/recipe_backend/src/schemas.py", "pattern": "/^class RecipeCreate(RecipeBase):$/", "language": "Python", "kind": "class"}, {"_type": "tag", "name": "User", "path": "/home/kavia/workspace/code-generation/recipe-explorer-318915-318926/recipe_backend/src/schemas.py", "pattern": "/^class User(UserBase):$/", "language": "Python", "kind": "class"}, {"_type": "tag", "name": "UserBase", "path": "/home/kavia/workspace/code-generation/recipe-explorer-318915-318926/recipe_backend/src/schemas.py", "pattern": "/^class UserBase(BaseModel):$/", "language": "Python", "kind": "class"}, {"_type": "tag", "name": "UserCreate", "path": "/home/kavia/workspace/code-generation/recipe-explorer-318915-318926/recipe_backend/src/schemas.py", "pattern": "/^class UserCreate(UserBase):$/", "language": "Python", "kind": "class"}, {"_type": "tag", "name": "description", "path": "/home/kavia/workspace/code-generation/recipe-explorer-318915-318926/recipe_backend/src/schemas.py", "pattern": "/^    description: Optional[str] = None$/", "language": "Python", "typeref": "typename:Optional[str]", "kind": "variable", "scope": "CategoryBase", "scopeKind": "class"}, {"_type": "tag", "name": "description", "path": "/home/kavia/workspace/code-generation/recipe-explorer-318915-318926/recipe_backend/src/schemas.py", "pattern": "/^    description: Optional[str] = None$/", "language": "Python", "typeref": "typename:Optional[str]", "kind": "variable", "scope": "RecipeBase", "scopeKind": "class"}, {"_type": "tag", "name": "from_attributes", "path": "/home/kavia/workspace/code-generation/recipe-explorer-318915-318926/recipe_backend/src/schemas.py", "pattern": "/^        from_attributes = True$/", "language": "Python", "kind": "variable", "scope": "Category.Config", "scopeKind": "class"}, {"_type": "tag", "name": "from_attributes", "path": "/home/kavia/workspace/code-generation/recipe-explorer-318915-318926/recipe_backend/src/schemas.py", "pattern": "/^        from_attributes = True$/", "language": "Python", "kind": "variable", "scope": "Favorite.Config", "scopeKind": "class"}, {"_type": "tag", "name": "from_attributes", "path": "/home/kavia/workspace/code-generation/recipe-explorer-318915-318926/recipe_backend/src/schemas.py", "pattern": "/^        from_attributes = True$/", "language": "Python", "kind": "variable", "scope": "Ingredient.Config", "scopeKind": "class"}, {"_type": "tag", "name": "from_attributes", "path": "/home/kavia/workspace/code-generation/recipe-explorer-318915-318926/recipe_backend/src/schemas.py", "pattern": "/^        from_attributes = True$/", "language": "Python", "kind": "variable", "scope": "Recipe.Config", "scopeKind": "class"}, {"_type": "tag", "name": "from_attributes", "path": "/home/kavia/workspace/code-generation/recipe-explorer-318915-318926/recipe_backend/src/schemas.py", "pattern": "/^        from_attributes = True$/", "language": "Python", "kind": "variable", "scope": "User.Config", "scopeKind": "class"}, {"_type": "tag", "name": "image_url", "path": "/home/kavia/workspace/code-generation/recipe-explorer-318915-318926/recipe_backend/src/schemas.py", "pattern": "/^    image_url: Optional[str] = None$/", "language": "Python", "typeref": "typename:Optional[str]", "kind": "variable", "scope": "CategoryBase", "scopeKind": "class"}, {"_type": "tag", "name": "image_url", "path": "/home/kavia/workspace/code-generation/recipe-explorer-318915-318926/recipe_backend/src/schemas.py", "pattern": "/^    image_url: Optional[str] = None$/", "language": "Python", "typeref": "typename:Optional[str]", "kind": "variable", "scope": "RecipeBase", "scopeKind": "class"}, {"_type": "tag", "name": "ingredients", "path": "/home/kavia/workspace/code-generation/recipe-explorer-318915-318926/recipe_backend/src/schemas.py", "pattern": "/^    ingredients: List[IngredientCreate] = []$/", "language": "Python", "typeref": "typename:List[IngredientCreate]", "kind": "variable", "scope": "RecipeCreate", "scopeKind": "class"}, {"_type": "tag", "name": "ingredients", "path": "/home/kavia/workspace/code-generation/recipe-explorer-318915-318926/recipe_backend/src/schemas.py", "pattern": "/^    ingredients: List[Ingredient] = []$/", "language": "Python", "typeref": "typename:List[Ingredient]", "kind": "variable", "scope": "Recipe", "scopeKind": "class"}, {"_type": "tag", "name": "recipes", "path": "/home/kavia/workspace/code-generation/recipe-explorer-318915-318926/recipe_backend/src/schemas.py", "pattern": "/^    recipes: List[Recipe] = []$/", "language": "Python", "typeref": "typename:List[Recipe]", "kind": "variable", "scope": "Category", "scopeKind": "class"}, {"_type": "tag", "name": "unit", "path": "/home/kavia/workspace/code-generation/recipe-explorer-318915-318926/recipe_backend/src/schemas.py", "pattern": "/^    unit: Optional[str] = None$/", "language": "Python", "typeref": "typename:Optional[str]", "kind": "variable", "scope": "IngredientBase", "scopeKind": "class"}, {"_type": "tag", "name": "updated_at", "path": "/home/kavia/workspace/code-generation/recipe-explorer-318915-318926/recipe_backend/src/schemas.py", "pattern": "/^    updated_at: Optional[datetime] = None$/", "language": "Python", "typeref": "typename:Optional[datetime]", "kind": "variable", "scope": "Recipe", "scopeKind": "class"}], "hash": "a097f173da1d26cc039f075601067701", "format-version": 4, "code-base-name": "recipe_backend", "filename": "recipe_backend/src/schemas.py", "fields": [{"name": "Optional[str] description", "scope": "CategoryBase", "scopeKind": "class", "description": "unavailable"}, {"name": "from_attributes = True", "scope": "Category.Config", "scopeKind": "class", "description": "unavailable"}, {"name": "Optional[str] image_url", "scope": "CategoryBase", "scopeKind": "class", "description": "unavailable"}, {"name": "List[IngredientCreate] ingredients", "scope": "RecipeCreate", "scopeKind": "class", "description": "unavailable"}, {"name": "List[Ingredient] ingredients", "scope": "Recipe", "scopeKind": "class", "description": "unavailable"}, {"name": "List[Recipe] recipes", "scope": "Category", "scopeKind": "class", "description": "unavailable"}, {"name": "Optional[str] unit", "scope": "IngredientBase", "scopeKind": "class", "description": "unavailable"}, {"name": "Optional[datetime] updated_at", "scope": "Recipe", "scopeKind": "class", "description": "unavailable"}], "revision_history": [{"12": ""}]}