{"is_source_file": true, "format": "Python", "description": "This file sets up database connectivity and session management using SQLAlchemy, including loading environment variables for configuration.", "external_files": ["os", "sqlalchemy", "dotenv"], "external_methods": ["load_dotenv", "os.getenv", "create_engine", "sessionmaker", "declarative_base"], "published": ["get_db"], "classes": [], "methods": [{"name": "get_db()", "description": "Provides a generator that yields a database session, handling proper cleanup.", "scope": "", "scopeKind": ""}], "calls": ["load_dotenv", "os.getenv", "create_engine", "sessionmaker", "declarative_base", "db.close"], "search-terms": ["database connection", "SQLAlchemy setup", "environment variable", "session management", "database dependency"], "state": 2, "file_id": 5, "knowledge_revision": 8, "git_revision": "", "ctags": [{"_type": "tag", "name": "Base", "path": "/home/kavia/workspace/code-generation/recipe-explorer-318915-318926/recipe_backend/src/database.py", "pattern": "/^Base = declarative_base()$/", "language": "Python", "kind": "variable"}, {"_type": "tag", "name": "DATABASE_URL", "path": "/home/kavia/workspace/code-generation/recipe-explorer-318915-318926/recipe_backend/src/database.py", "pattern": "/^DATABASE_URL = os.getenv(\"DATABASE_URL\")$/", "language": "Python", "kind": "variable"}, {"_type": "tag", "name": "SessionLocal", "path": "/home/kavia/workspace/code-generation/recipe-explorer-318915-318926/recipe_backend/src/database.py", "pattern": "/^SessionLocal = sessionmaker(autocommit=False, autoflush=False, bind=engine)$/", "language": "Python", "kind": "variable"}, {"_type": "tag", "name": "engine", "path": "/home/kavia/workspace/code-generation/recipe-explorer-318915-318926/recipe_backend/src/database.py", "pattern": "/^engine = create_engine(DATABASE_URL)$/", "language": "Python", "kind": "variable"}, {"_type": "tag", "name": "get_db", "path": "/home/kavia/workspace/code-generation/recipe-explorer-318915-318926/recipe_backend/src/database.py", "pattern": "/^def get_db():$/", "language": "Python", "kind": "function", "signature": "()"}], "hash": "d64d2acf4778c3f02c3225e3a074e74a", "format-version": 4, "code-base-name": "recipe_backend", "filename": "recipe_backend/src/database.py", "fields": [{"name": "Base = declarative_base()", "scope": "", "scopeKind": "", "description": "unavailable"}, {"name": "DATABASE_URL = os.getenv(\"DATABASE_URL\")", "scope": "", "scopeKind": "", "description": "unavailable"}, {"name": "SessionLocal = sessionmaker(autocommit=False, autoflush=False, bind=engine)", "scope": "", "scopeKind": "", "description": "unavailable"}, {"name": "engine = create_engine(DATABASE_URL)", "scope": "", "scopeKind": "", "description": "unavailable"}], "revision_history": [{"8": ""}]}