{"is_source_file": true, "format": "Python", "description": "This file contains SQLAlchemy ORM model definitions for a recipe management system, including classes for Category, Recipe, User, and Favorite, along with their relationships and table configurations.", "external_files": ["sqlalchemy", "sqlalchemy.orm", "sqlalchemy.ext.declarative"], "external_methods": ["declarative_base"], "published": ["Category", "Recipe", "User", "Favorite"], "classes": [{"name": "Category", "description": "Represents recipe categories with a one-to-many relationship to recipes."}, {"name": "Recipe", "description": "Represents recipes with relationships to categories, favorites, and containing details like title, description, instructions, ingredients, and image URL."}, {"name": "User", "description": "Represents users with a relationship to their favorite recipes."}, {"name": "Favorite", "description": "Represents user favorite recipes with foreign keys to users and recipes, establishing many-to-one relationships."}], "methods": [], "calls": ["Column", "relationship", "declarative_base", "ForeignKey"], "search-terms": ["SQLAlchemy models", "recipe system", "categories", "favorites", "ORM classes", "database schema"], "state": 2, "file_id": 16, "knowledge_revision": 27, "git_revision": "", "ctags": [{"_type": "tag", "name": "Base", "path": "/home/kavia/workspace/code-generation/recipe-explorer-318915-318926/recipe_backend/src/db/models.py", "pattern": "/^Base = declarative_base()$/", "language": "Python", "kind": "variable"}, {"_type": "tag", "name": "Category", "path": "/home/kavia/workspace/code-generation/recipe-explorer-318915-318926/recipe_backend/src/db/models.py", "pattern": "/^class Category(Base):$/", "language": "Python", "kind": "class"}, {"_type": "tag", "name": "Favorite", "path": "/home/kavia/workspace/code-generation/recipe-explorer-318915-318926/recipe_backend/src/db/models.py", "pattern": "/^class Favorite(Base):$/", "language": "Python", "kind": "class"}, {"_type": "tag", "name": "Recipe", "path": "/home/kavia/workspace/code-generation/recipe-explorer-318915-318926/recipe_backend/src/db/models.py", "pattern": "/^class Recipe(Base):$/", "language": "Python", "kind": "class"}, {"_type": "tag", "name": "User", "path": "/home/kavia/workspace/code-generation/recipe-explorer-318915-318926/recipe_backend/src/db/models.py", "pattern": "/^class User(Base):$/", "language": "Python", "kind": "class"}, {"_type": "tag", "name": "__tablename__", "path": "/home/kavia/workspace/code-generation/recipe-explorer-318915-318926/recipe_backend/src/db/models.py", "pattern": "/^    __tablename__ = \"categories\"$/", "file": true, "language": "Python", "kind": "variable", "scope": "Category", "scopeKind": "class"}, {"_type": "tag", "name": "__tablename__", "path": "/home/kavia/workspace/code-generation/recipe-explorer-318915-318926/recipe_backend/src/db/models.py", "pattern": "/^    __tablename__ = \"favorites\"$/", "file": true, "language": "Python", "kind": "variable", "scope": "Favorite", "scopeKind": "class"}, {"_type": "tag", "name": "__tablename__", "path": "/home/kavia/workspace/code-generation/recipe-explorer-318915-318926/recipe_backend/src/db/models.py", "pattern": "/^    __tablename__ = \"recipes\"$/", "file": true, "language": "Python", "kind": "variable", "scope": "Recipe", "scopeKind": "class"}, {"_type": "tag", "name": "__tablename__", "path": "/home/kavia/workspace/code-generation/recipe-explorer-318915-318926/recipe_backend/src/db/models.py", "pattern": "/^    __tablename__ = \"users\"$/", "file": true, "language": "Python", "kind": "variable", "scope": "User", "scopeKind": "class"}, {"_type": "tag", "name": "category", "path": "/home/kavia/workspace/code-generation/recipe-explorer-318915-318926/recipe_backend/src/db/models.py", "pattern": "/^    category = relationship(\"Category\", back_populates=\"recipes\")$/", "language": "Python", "kind": "variable", "scope": "Recipe", "scopeKind": "class"}, {"_type": "tag", "name": "category_id", "path": "/home/kavia/workspace/code-generation/recipe-explorer-318915-318926/recipe_backend/src/db/models.py", "pattern": "/^    category_id = Column(Integer, ForeignKey(\"categories.id\"))$/", "language": "Python", "kind": "variable", "scope": "Recipe", "scopeKind": "class"}, {"_type": "tag", "name": "description", "path": "/home/kavia/workspace/code-generation/recipe-explorer-318915-318926/recipe_backend/src/db/models.py", "pattern": "/^    description = Column(Text)$/", "language": "Python", "kind": "variable", "scope": "Recipe", "scopeKind": "class"}, {"_type": "tag", "name": "email", "path": "/home/kavia/workspace/code-generation/recipe-explorer-318915-318926/recipe_backend/src/db/models.py", "pattern": "/^    email = Column(String, unique=True, index=True)$/", "language": "Python", "kind": "variable", "scope": "User", "scopeKind": "class"}, {"_type": "tag", "name": "favorites", "path": "/home/kavia/workspace/code-generation/recipe-explorer-318915-318926/recipe_backend/src/db/models.py", "pattern": "/^    favorites = relationship(\"Favorite\", back_populates=\"recipe\")$/", "language": "Python", "kind": "variable", "scope": "Recipe", "scopeKind": "class"}, {"_type": "tag", "name": "favorites", "path": "/home/kavia/workspace/code-generation/recipe-explorer-318915-318926/recipe_backend/src/db/models.py", "pattern": "/^    favorites = relationship(\"Favorite\", back_populates=\"user\")$/", "language": "Python", "kind": "variable", "scope": "User", "scopeKind": "class"}, {"_type": "tag", "name": "id", "path": "/home/kavia/workspace/code-generation/recipe-explorer-318915-318926/recipe_backend/src/db/models.py", "pattern": "/^    id = Column(Integer, primary_key=True, index=True)$/", "language": "Python", "kind": "variable", "scope": "Category", "scopeKind": "class"}, {"_type": "tag", "name": "id", "path": "/home/kavia/workspace/code-generation/recipe-explorer-318915-318926/recipe_backend/src/db/models.py", "pattern": "/^    id = Column(Integer, primary_key=True, index=True)$/", "language": "Python", "kind": "variable", "scope": "Favorite", "scopeKind": "class"}, {"_type": "tag", "name": "id", "path": "/home/kavia/workspace/code-generation/recipe-explorer-318915-318926/recipe_backend/src/db/models.py", "pattern": "/^    id = Column(Integer, primary_key=True, index=True)$/", "language": "Python", "kind": "variable", "scope": "Recipe", "scopeKind": "class"}, {"_type": "tag", "name": "id", "path": "/home/kavia/workspace/code-generation/recipe-explorer-318915-318926/recipe_backend/src/db/models.py", "pattern": "/^    id = Column(Integer, primary_key=True, index=True)$/", "language": "Python", "kind": "variable", "scope": "User", "scopeKind": "class"}, {"_type": "tag", "name": "image_url", "path": "/home/kavia/workspace/code-generation/recipe-explorer-318915-318926/recipe_backend/src/db/models.py", "pattern": "/^    image_url = Column(String)$/", "language": "Python", "kind": "variable", "scope": "Recipe", "scopeKind": "class"}, {"_type": "tag", "name": "ingredients", "path": "/home/kavia/workspace/code-generation/recipe-explorer-318915-318926/recipe_backend/src/db/models.py", "pattern": "/^    ingredients = Column(Text) # Comma separated text for simplicity and search$/", "language": "Python", "kind": "variable", "scope": "Recipe", "scopeKind": "class"}, {"_type": "tag", "name": "instructions", "path": "/home/kavia/workspace/code-generation/recipe-explorer-318915-318926/recipe_backend/src/db/models.py", "pattern": "/^    instructions = Column(Text)$/", "language": "Python", "kind": "variable", "scope": "Recipe", "scopeKind": "class"}, {"_type": "tag", "name": "name", "path": "/home/kavia/workspace/code-generation/recipe-explorer-318915-318926/recipe_backend/src/db/models.py", "pattern": "/^    name = Column(String, unique=True, index=True)$/", "language": "Python", "kind": "variable", "scope": "Category", "scopeKind": "class"}, {"_type": "tag", "name": "recipe", "path": "/home/kavia/workspace/code-generation/recipe-explorer-318915-318926/recipe_backend/src/db/models.py", "pattern": "/^    recipe = relationship(\"Recipe\", back_populates=\"favorites\")$/", "language": "Python", "kind": "variable", "scope": "Favorite", "scopeKind": "class"}, {"_type": "tag", "name": "recipe_id", "path": "/home/kavia/workspace/code-generation/recipe-explorer-318915-318926/recipe_backend/src/db/models.py", "pattern": "/^    recipe_id = Column(Integer, ForeignKey(\"recipes.id\"))$/", "language": "Python", "kind": "variable", "scope": "Favorite", "scopeKind": "class"}, {"_type": "tag", "name": "recipes", "path": "/home/kavia/workspace/code-generation/recipe-explorer-318915-318926/recipe_backend/src/db/models.py", "pattern": "/^    recipes = relationship(\"Recipe\", back_populates=\"category\")$/", "language": "Python", "kind": "variable", "scope": "Category", "scopeKind": "class"}, {"_type": "tag", "name": "title", "path": "/home/kavia/workspace/code-generation/recipe-explorer-318915-318926/recipe_backend/src/db/models.py", "pattern": "/^    title = Column(String, index=True)$/", "language": "Python", "kind": "variable", "scope": "Recipe", "scopeKind": "class"}, {"_type": "tag", "name": "user", "path": "/home/kavia/workspace/code-generation/recipe-explorer-318915-318926/recipe_backend/src/db/models.py", "pattern": "/^    user = relationship(\"User\", back_populates=\"favorites\")$/", "language": "Python", "kind": "variable", "scope": "Favorite", "scopeKind": "class"}, {"_type": "tag", "name": "user_id", "path": "/home/kavia/workspace/code-generation/recipe-explorer-318915-318926/recipe_backend/src/db/models.py", "pattern": "/^    user_id = Column(Integer, ForeignKey(\"users.id\"))$/", "language": "Python", "kind": "variable", "scope": "Favorite", "scopeKind": "class"}, {"_type": "tag", "name": "username", "path": "/home/kavia/workspace/code-generation/recipe-explorer-318915-318926/recipe_backend/src/db/models.py", "pattern": "/^    username = Column(String, unique=True, index=True)$/", "language": "Python", "kind": "variable", "scope": "User", "scopeKind": "class"}], "hash": "685216cb50971d9ca953a3e92450ba55", "format-version": 4, "code-base-name": "recipe_backend", "filename": "recipe_backend/src/db/models.py", "fields": [{"name": "Base = declarative_base()", "scope": "", "scopeKind": "", "description": "unavailable"}, {"name": "__tablename__ = \"categories\"", "scope": "Category", "scopeKind": "class", "description": "unavailable"}, {"name": "__tablename__ = \"favorites\"", "scope": "Favorite", "scopeKind": "class", "description": "unavailable"}, {"name": "__tablename__ = \"recipes\"", "scope": "Recipe", "scopeKind": "class", "description": "unavailable"}, {"name": "__tablename__ = \"users\"", "scope": "User", "scopeKind": "class", "description": "unavailable"}, {"name": "category = relationship(\"Category\", back_populates=\"recipes\")", "scope": "Recipe", "scopeKind": "class", "description": "unavailable"}, {"name": "category_id = Column(Integer, ForeignKey(\"categories.id\"))", "scope": "Recipe", "scopeKind": "class", "description": "unavailable"}, {"name": "description = Column(Text)", "scope": "Recipe", "scopeKind": "class", "description": "unavailable"}, {"name": "email = Column(String, unique=True, index=True)", "scope": "User", "scopeKind": "class", "description": "unavailable"}, {"name": "favorites = relationship(\"Favorite\", back_populates=\"recipe\")", "scope": "Recipe", "scopeKind": "class", "description": "unavailable"}, {"name": "favorites = relationship(\"Favorite\", back_populates=\"user\")", "scope": "User", "scopeKind": "class", "description": "unavailable"}, {"name": "id = Column(Integer, primary_key=True, index=True)", "scope": "Category", "scopeKind": "class", "description": "unavailable"}, {"name": "image_url = Column(String)", "scope": "Recipe", "scopeKind": "class", "description": "unavailable"}, {"name": "ingredients = Column(Text) # Comma separated text for simplicity and search", "scope": "Recipe", "scopeKind": "class", "description": "unavailable"}, {"name": "instructions = Column(Text)", "scope": "Recipe", "scopeKind": "class", "description": "unavailable"}, {"name": "name = Column(String, unique=True, index=True)", "scope": "Category", "scopeKind": "class", "description": "unavailable"}, {"name": "recipe = relationship(\"Recipe\", back_populates=\"favorites\")", "scope": "Favorite", "scopeKind": "class", "description": "unavailable"}, {"name": "recipe_id = Column(Integer, ForeignKey(\"recipes.id\"))", "scope": "Favorite", "scopeKind": "class", "description": "unavailable"}, {"name": "recipes = relationship(\"Recipe\", back_populates=\"category\")", "scope": "Category", "scopeKind": "class", "description": "unavailable"}, {"name": "title = Column(String, index=True)", "scope": "Recipe", "scopeKind": "class", "description": "unavailable"}, {"name": "user = relationship(\"User\", back_populates=\"favorites\")", "scope": "Favorite", "scopeKind": "class", "description": "unavailable"}, {"name": "user_id = Column(Integer, ForeignKey(\"users.id\"))", "scope": "Favorite", "scopeKind": "class", "description": "unavailable"}, {"name": "username = Column(String, unique=True, index=True)", "scope": "User", "scopeKind": "class", "description": "unavailable"}], "revision_history": [{"27": ""}]}