{"is_source_file": true, "format": "Python", "description": "This file defines SQLAlchemy ORM models for the database schema of a recipe management application. It includes classes for User, Category, Recipe, Ingredient, and Favorite, establishing the relationships between them.", "external_files": ["./database.py"], "external_methods": ["func.now()"], "published": ["User", "Category", "Recipe", "Ingredient", "Favorite"], "classes": [{"name": "User", "description": "Represents a user in the system with credentials and relationships to favorites and recipes."}, {"name": "Category", "description": "Represents a food category with name, description, image, and related recipes."}, {"name": "Recipe", "description": "Represents a recipe with details, relationships to category, owner, ingredients, and users who favorited it."}, {"name": "Ingredient", "description": "Represents an ingredient linked to a specific recipe, with name, quantity, and unit."}, {"name": "Favorite", "description": "Join table representing the many-to-many relationship between users and recipes they favorited."}], "methods": [], "calls": ["func.now()"], "search-terms": ["SQLAlchemy models", "recipes", "ingredients", "favorites", "relationships", "schema", "ORM"], "state": 2, "file_id": 6, "knowledge_revision": 10, "git_revision": "", "ctags": [{"_type": "tag", "name": "Category", "path": "/home/kavia/workspace/code-generation/recipe-explorer-318915-318926/recipe_backend/src/models.py", "pattern": "/^class Category(Base):$/", "language": "Python", "kind": "class"}, {"_type": "tag", "name": "Favorite", "path": "/home/kavia/workspace/code-generation/recipe-explorer-318915-318926/recipe_backend/src/models.py", "pattern": "/^class Favorite(Base):$/", "language": "Python", "kind": "class"}, {"_type": "tag", "name": "Ingredient", "path": "/home/kavia/workspace/code-generation/recipe-explorer-318915-318926/recipe_backend/src/models.py", "pattern": "/^class Ingredient(Base):$/", "language": "Python", "kind": "class"}, {"_type": "tag", "name": "Recipe", "path": "/home/kavia/workspace/code-generation/recipe-explorer-318915-318926/recipe_backend/src/models.py", "pattern": "/^class Recipe(Base):$/", "language": "Python", "kind": "class"}, {"_type": "tag", "name": "User", "path": "/home/kavia/workspace/code-generation/recipe-explorer-318915-318926/recipe_backend/src/models.py", "pattern": "/^class User(Base):$/", "language": "Python", "kind": "class"}, {"_type": "tag", "name": "__tablename__", "path": "/home/kavia/workspace/code-generation/recipe-explorer-318915-318926/recipe_backend/src/models.py", "pattern": "/^    __tablename__ = \"categories\"$/", "file": true, "language": "Python", "kind": "variable", "scope": "Category", "scopeKind": "class"}, {"_type": "tag", "name": "__tablename__", "path": "/home/kavia/workspace/code-generation/recipe-explorer-318915-318926/recipe_backend/src/models.py", "pattern": "/^    __tablename__ = \"favorites\"$/", "file": true, "language": "Python", "kind": "variable", "scope": "Favorite", "scopeKind": "class"}, {"_type": "tag", "name": "__tablename__", "path": "/home/kavia/workspace/code-generation/recipe-explorer-318915-318926/recipe_backend/src/models.py", "pattern": "/^    __tablename__ = \"ingredients\"$/", "file": true, "language": "Python", "kind": "variable", "scope": "Ingredient", "scopeKind": "class"}, {"_type": "tag", "name": "__tablename__", "path": "/home/kavia/workspace/code-generation/recipe-explorer-318915-318926/recipe_backend/src/models.py", "pattern": "/^    __tablename__ = \"recipes\"$/", "file": true, "language": "Python", "kind": "variable", "scope": "Recipe", "scopeKind": "class"}, {"_type": "tag", "name": "__tablename__", "path": "/home/kavia/workspace/code-generation/recipe-explorer-318915-318926/recipe_backend/src/models.py", "pattern": "/^    __tablename__ = \"users\"$/", "file": true, "language": "Python", "kind": "variable", "scope": "User", "scopeKind": "class"}, {"_type": "tag", "name": "category", "path": "/home/kavia/workspace/code-generation/recipe-explorer-318915-318926/recipe_backend/src/models.py", "pattern": "/^    category = relationship(\"Category\", back_populates=\"recipes\")$/", "language": "Python", "kind": "variable", "scope": "Recipe", "scopeKind": "class"}, {"_type": "tag", "name": "category_id", "path": "/home/kavia/workspace/code-generation/recipe-explorer-318915-318926/recipe_backend/src/models.py", "pattern": "/^    category_id = Column(Integer, ForeignKey(\"categories.id\"))$/", "language": "Python", "kind": "variable", "scope": "Recipe", "scopeKind": "class"}, {"_type": "tag", "name": "created_at", "path": "/home/kavia/workspace/code-generation/recipe-explorer-318915-318926/recipe_backend/src/models.py", "pattern": "/^    created_at = Column(DateTime(timezone=True), server_default=func.now())$/", "language": "Python", "kind": "variable", "scope": "Recipe", "scopeKind": "class"}, {"_type": "tag", "name": "description", "path": "/home/kavia/workspace/code-generation/recipe-explorer-318915-318926/recipe_backend/src/models.py", "pattern": "/^    description = Column(String, nullable=True)$/", "language": "Python", "kind": "variable", "scope": "Category", "scopeKind": "class"}, {"_type": "tag", "name": "description", "path": "/home/kavia/workspace/code-generation/recipe-explorer-318915-318926/recipe_backend/src/models.py", "pattern": "/^    description = Column(Text, nullable=True)$/", "language": "Python", "kind": "variable", "scope": "Recipe", "scopeKind": "class"}, {"_type": "tag", "name": "email", "path": "/home/kavia/workspace/code-generation/recipe-explorer-318915-318926/recipe_backend/src/models.py", "pattern": "/^    email = Column(String, unique=True, index=True)$/", "language": "Python", "kind": "variable", "scope": "User", "scopeKind": "class"}, {"_type": "tag", "name": "favorited_by", "path": "/home/kavia/workspace/code-generation/recipe-explorer-318915-318926/recipe_backend/src/models.py", "pattern": "/^    favorited_by = relationship(\"Favorite\", back_populates=\"recipe\")$/", "language": "Python", "kind": "variable", "scope": "Recipe", "scopeKind": "class"}, {"_type": "tag", "name": "favorites", "path": "/home/kavia/workspace/code-generation/recipe-explorer-318915-318926/recipe_backend/src/models.py", "pattern": "/^    favorites = relationship(\"Favorite\", back_populates=\"user\")$/", "language": "Python", "kind": "variable", "scope": "User", "scopeKind": "class"}, {"_type": "tag", "name": "hashed_password", "path": "/home/kavia/workspace/code-generation/recipe-explorer-318915-318926/recipe_backend/src/models.py", "pattern": "/^    hashed_password = Column(String)$/", "language": "Python", "kind": "variable", "scope": "User", "scopeKind": "class"}, {"_type": "tag", "name": "id", "path": "/home/kavia/workspace/code-generation/recipe-explorer-318915-318926/recipe_backend/src/models.py", "pattern": "/^    id = Column(Integer, primary_key=True, index=True)$/", "language": "Python", "kind": "variable", "scope": "Category", "scopeKind": "class"}, {"_type": "tag", "name": "id", "path": "/home/kavia/workspace/code-generation/recipe-explorer-318915-318926/recipe_backend/src/models.py", "pattern": "/^    id = Column(Integer, primary_key=True, index=True)$/", "language": "Python", "kind": "variable", "scope": "Ingredient", "scopeKind": "class"}, {"_type": "tag", "name": "id", "path": "/home/kavia/workspace/code-generation/recipe-explorer-318915-318926/recipe_backend/src/models.py", "pattern": "/^    id = Column(Integer, primary_key=True, index=True)$/", "language": "Python", "kind": "variable", "scope": "Recipe", "scopeKind": "class"}, {"_type": "tag", "name": "id", "path": "/home/kavia/workspace/code-generation/recipe-explorer-318915-318926/recipe_backend/src/models.py", "pattern": "/^    id = Column(Integer, primary_key=True, index=True)$/", "language": "Python", "kind": "variable", "scope": "User", "scopeKind": "class"}, {"_type": "tag", "name": "image_url", "path": "/home/kavia/workspace/code-generation/recipe-explorer-318915-318926/recipe_backend/src/models.py", "pattern": "/^    image_url = Column(String, nullable=True)$/", "language": "Python", "kind": "variable", "scope": "Category", "scopeKind": "class"}, {"_type": "tag", "name": "image_url", "path": "/home/kavia/workspace/code-generation/recipe-explorer-318915-318926/recipe_backend/src/models.py", "pattern": "/^    image_url = Column(String, nullable=True)$/", "language": "Python", "kind": "variable", "scope": "Recipe", "scopeKind": "class"}, {"_type": "tag", "name": "ingredients", "path": "/home/kavia/workspace/code-generation/recipe-explorer-318915-318926/recipe_backend/src/models.py", "pattern": "/^    ingredients = relationship(\"Ingredient\", back_populates=\"recipe\", cascade=\"all, delete-orpha/", "language": "Python", "kind": "variable", "scope": "Recipe", "scopeKind": "class"}, {"_type": "tag", "name": "instructions", "path": "/home/kavia/workspace/code-generation/recipe-explorer-318915-318926/recipe_backend/src/models.py", "pattern": "/^    instructions = Column(Text)$/", "language": "Python", "kind": "variable", "scope": "Recipe", "scopeKind": "class"}, {"_type": "tag", "name": "name", "path": "/home/kavia/workspace/code-generation/recipe-explorer-318915-318926/recipe_backend/src/models.py", "pattern": "/^    name = Column(String, index=True)$/", "language": "Python", "kind": "variable", "scope": "Ingredient", "scopeKind": "class"}, {"_type": "tag", "name": "name", "path": "/home/kavia/workspace/code-generation/recipe-explorer-318915-318926/recipe_backend/src/models.py", "pattern": "/^    name = Column(String, unique=True, index=True)$/", "language": "Python", "kind": "variable", "scope": "Category", "scopeKind": "class"}, {"_type": "tag", "name": "owner", "path": "/home/kavia/workspace/code-generation/recipe-explorer-318915-318926/recipe_backend/src/models.py", "pattern": "/^    owner = relationship(\"User\", back_populates=\"recipes\")$/", "language": "Python", "kind": "variable", "scope": "Recipe", "scopeKind": "class"}, {"_type": "tag", "name": "owner_id", "path": "/home/kavia/workspace/code-generation/recipe-explorer-318915-318926/recipe_backend/src/models.py", "pattern": "/^    owner_id = Column(Integer, ForeignKey(\"users.id\"))$/", "language": "Python", "kind": "variable", "scope": "Recipe", "scopeKind": "class"}, {"_type": "tag", "name": "quantity", "path": "/home/kavia/workspace/code-generation/recipe-explorer-318915-318926/recipe_backend/src/models.py", "pattern": "/^    quantity = Column(String)$/", "language": "Python", "kind": "variable", "scope": "Ingredient", "scopeKind": "class"}, {"_type": "tag", "name": "recipe", "path": "/home/kavia/workspace/code-generation/recipe-explorer-318915-318926/recipe_backend/src/models.py", "pattern": "/^    recipe = relationship(\"Recipe\", back_populates=\"favorited_by\")$/", "language": "Python", "kind": "variable", "scope": "Favorite", "scopeKind": "class"}, {"_type": "tag", "name": "recipe", "path": "/home/kavia/workspace/code-generation/recipe-explorer-318915-318926/recipe_backend/src/models.py", "pattern": "/^    recipe = relationship(\"Recipe\", back_populates=\"ingredients\")$/", "language": "Python", "kind": "variable", "scope": "Ingredient", "scopeKind": "class"}, {"_type": "tag", "name": "recipe_id", "path": "/home/kavia/workspace/code-generation/recipe-explorer-318915-318926/recipe_backend/src/models.py", "pattern": "/^    recipe_id = Column(Integer, ForeignKey(\"recipes.id\"))$/", "language": "Python", "kind": "variable", "scope": "Ingredient", "scopeKind": "class"}, {"_type": "tag", "name": "recipe_id", "path": "/home/kavia/workspace/code-generation/recipe-explorer-318915-318926/recipe_backend/src/models.py", "pattern": "/^    recipe_id = Column(Integer, ForeignKey(\"recipes.id\"), primary_key=True)$/", "language": "Python", "kind": "variable", "scope": "Favorite", "scopeKind": "class"}, {"_type": "tag", "name": "recipes", "path": "/home/kavia/workspace/code-generation/recipe-explorer-318915-318926/recipe_backend/src/models.py", "pattern": "/^    recipes = relationship(\"Recipe\", back_populates=\"category\")$/", "language": "Python", "kind": "variable", "scope": "Category", "scopeKind": "class"}, {"_type": "tag", "name": "recipes", "path": "/home/kavia/workspace/code-generation/recipe-explorer-318915-318926/recipe_backend/src/models.py", "pattern": "/^    recipes = relationship(\"Recipe\", back_populates=\"owner\")$/", "language": "Python", "kind": "variable", "scope": "User", "scopeKind": "class"}, {"_type": "tag", "name": "title", "path": "/home/kavia/workspace/code-generation/recipe-explorer-318915-318926/recipe_backend/src/models.py", "pattern": "/^    title = Column(String, index=True)$/", "language": "Python", "kind": "variable", "scope": "Recipe", "scopeKind": "class"}, {"_type": "tag", "name": "unit", "path": "/home/kavia/workspace/code-generation/recipe-explorer-318915-318926/recipe_backend/src/models.py", "pattern": "/^    unit = Column(String, nullable=True)$/", "language": "Python", "kind": "variable", "scope": "Ingredient", "scopeKind": "class"}, {"_type": "tag", "name": "updated_at", "path": "/home/kavia/workspace/code-generation/recipe-explorer-318915-318926/recipe_backend/src/models.py", "pattern": "/^    updated_at = Column(DateTime(timezone=True), onupdate=func.now())$/", "language": "Python", "kind": "variable", "scope": "Recipe", "scopeKind": "class"}, {"_type": "tag", "name": "user", "path": "/home/kavia/workspace/code-generation/recipe-explorer-318915-318926/recipe_backend/src/models.py", "pattern": "/^    user = relationship(\"User\", back_populates=\"favorites\")$/", "language": "Python", "kind": "variable", "scope": "Favorite", "scopeKind": "class"}, {"_type": "tag", "name": "user_id", "path": "/home/kavia/workspace/code-generation/recipe-explorer-318915-318926/recipe_backend/src/models.py", "pattern": "/^    user_id = Column(Integer, ForeignKey(\"users.id\"), primary_key=True)$/", "language": "Python", "kind": "variable", "scope": "Favorite", "scopeKind": "class"}, {"_type": "tag", "name": "username", "path": "/home/kavia/workspace/code-generation/recipe-explorer-318915-318926/recipe_backend/src/models.py", "pattern": "/^    username = Column(String, unique=True, index=True)$/", "language": "Python", "kind": "variable", "scope": "User", "scopeKind": "class"}], "hash": "81357661eb38665746acdd897b4d7949", "format-version": 4, "code-base-name": "recipe_backend", "filename": "recipe_backend/src/models.py", "fields": [{"name": "__tablename__ = \"categories\"", "scope": "Category", "scopeKind": "class", "description": "unavailable"}, {"name": "__tablename__ = \"favorites\"", "scope": "Favorite", "scopeKind": "class", "description": "unavailable"}, {"name": "__tablename__ = \"ingredients\"", "scope": "Ingredient", "scopeKind": "class", "description": "unavailable"}, {"name": "__tablename__ = \"recipes\"", "scope": "Recipe", "scopeKind": "class", "description": "unavailable"}, {"name": "__tablename__ = \"users\"", "scope": "User", "scopeKind": "class", "description": "unavailable"}, {"name": "category = relationship(\"Category\", back_populates=\"recipes\")", "scope": "Recipe", "scopeKind": "class", "description": "unavailable"}, {"name": "category_id = Column(Integer, ForeignKey(\"categories.id\"))", "scope": "Recipe", "scopeKind": "class", "description": "unavailable"}, {"name": "created_at = Column(DateTime(timezone=True), server_default=func.now())", "scope": "Recipe", "scopeKind": "class", "description": "unavailable"}, {"name": "description = Column(String, nullable=True)", "scope": "Category", "scopeKind": "class", "description": "unavailable"}, {"name": "description = Column(Text, nullable=True)", "scope": "Recipe", "scopeKind": "class", "description": "unavailable"}, {"name": "email = Column(String, unique=True, index=True)", "scope": "User", "scopeKind": "class", "description": "unavailable"}, {"name": "favorited_by = relationship(\"Favorite\", back_populates=\"recipe\")", "scope": "Recipe", "scopeKind": "class", "description": "unavailable"}, {"name": "favorites = relationship(\"Favorite\", back_populates=\"user\")", "scope": "User", "scopeKind": "class", "description": "unavailable"}, {"name": "hashed_password = Column(String)", "scope": "User", "scopeKind": "class", "description": "unavailable"}, {"name": "id = Column(Integer, primary_key=True, index=True)", "scope": "Category", "scopeKind": "class", "description": "unavailable"}, {"name": "image_url = Column(String, nullable=True)", "scope": "Category", "scopeKind": "class", "description": "unavailable"}, {"name": "ingredients = relationship(\"Ingredient\", back_populates=\"recipe\", cascade=\"all, delete-orpha/", "scope": "Recipe", "scopeKind": "class", "description": "unavailable"}, {"name": "instructions = Column(Text)", "scope": "Recipe", "scopeKind": "class", "description": "unavailable"}, {"name": "name = Column(String, index=True)", "scope": "Ingredient", "scopeKind": "class", "description": "unavailable"}, {"name": "name = Column(String, unique=True, index=True)", "scope": "Category", "scopeKind": "class", "description": "unavailable"}, {"name": "owner = relationship(\"User\", back_populates=\"recipes\")", "scope": "Recipe", "scopeKind": "class", "description": "unavailable"}, {"name": "owner_id = Column(Integer, ForeignKey(\"users.id\"))", "scope": "Recipe", "scopeKind": "class", "description": "unavailable"}, {"name": "quantity = Column(String)", "scope": "Ingredient", "scopeKind": "class", "description": "unavailable"}, {"name": "recipe = relationship(\"Recipe\", back_populates=\"favorited_by\")", "scope": "Favorite", "scopeKind": "class", "description": "unavailable"}, {"name": "recipe = relationship(\"Recipe\", back_populates=\"ingredients\")", "scope": "Ingredient", "scopeKind": "class", "description": "unavailable"}, {"name": "recipe_id = Column(Integer, ForeignKey(\"recipes.id\"))", "scope": "Ingredient", "scopeKind": "class", "description": "unavailable"}, {"name": "recipe_id = Column(Integer, ForeignKey(\"recipes.id\"), primary_key=True)", "scope": "Favorite", "scopeKind": "class", "description": "unavailable"}, {"name": "recipes = relationship(\"Recipe\", back_populates=\"category\")", "scope": "Category", "scopeKind": "class", "description": "unavailable"}, {"name": "recipes = relationship(\"Recipe\", back_populates=\"owner\")", "scope": "User", "scopeKind": "class", "description": "unavailable"}, {"name": "title = Column(String, index=True)", "scope": "Recipe", "scopeKind": "class", "description": "unavailable"}, {"name": "unit = Column(String, nullable=True)", "scope": "Ingredient", "scopeKind": "class", "description": "unavailable"}, {"name": "updated_at = Column(DateTime(timezone=True), onupdate=func.now())", "scope": "Recipe", "scopeKind": "class", "description": "unavailable"}, {"name": "user = relationship(\"User\", back_populates=\"favorites\")", "scope": "Favorite", "scopeKind": "class", "description": "unavailable"}, {"name": "user_id = Column(Integer, ForeignKey(\"users.id\"), primary_key=True)", "scope": "Favorite", "scopeKind": "class", "description": "unavailable"}, {"name": "username = Column(String, unique=True, index=True)", "scope": "User", "scopeKind": "class", "description": "unavailable"}], "revision_history": [{"10": ""}]}