{"is_source_file": true, "format": "Python", "description": "This file sets up an asynchronous database session using SQLAlchemy's async capabilities, configuring the database URL and creating a sessionmaker for dependency injection in asynchronous contexts.", "external_files": ["src/core/config.py"], "external_methods": ["settings.DATABASE_URL"], "published": ["get_db"], "classes": [], "methods": [{"name": "get_db()", "description": "Asynchronous generator function that provides a database session for use within async context managers.", "scope": "", "scopeKind": ""}], "calls": ["sessionmaker", "create_async_engine"], "search-terms": ["SQLAlchemy", "asyncio", "database session", "asyncpg", "sessionmaker", "AsyncSession", "get_db"], "state": 2, "file_id": 15, "knowledge_revision": 26, "git_revision": "", "ctags": [{"_type": "tag", "name": "SQLALCHEMY_DATABASE_URL", "path": "/home/kavia/workspace/code-generation/recipe-explorer-318915-318926/recipe_backend/src/db/session.py", "pattern": "/^    SQLALCHEMY_DATABASE_URL = SQLALCHEMY_DATABASE_URL.replace(\"postgresql:\\/\\/\", \"postgresql+asy/", "language": "Python", "kind": "variable"}, {"_type": "tag", "name": "SQLALCHEMY_DATABASE_URL", "path": "/home/kavia/workspace/code-generation/recipe-explorer-318915-318926/recipe_backend/src/db/session.py", "pattern": "/^SQLALCHEMY_DATABASE_URL = settings.DATABASE_URL$/", "language": "Python", "kind": "variable"}, {"_type": "tag", "name": "SessionLocal", "path": "/home/kavia/workspace/code-generation/recipe-explorer-318915-318926/recipe_backend/src/db/session.py", "pattern": "/^SessionLocal = sessionmaker(engine, class_=AsyncSession, expire_on_commit=False)$/", "language": "Python", "kind": "variable"}, {"_type": "tag", "name": "engine", "path": "/home/kavia/workspace/code-generation/recipe-explorer-318915-318926/recipe_backend/src/db/session.py", "pattern": "/^engine = create_async_engine(SQLALCHEMY_DATABASE_URL, future=True)$/", "language": "Python", "kind": "variable"}, {"_type": "tag", "name": "get_db", "path": "/home/kavia/workspace/code-generation/recipe-explorer-318915-318926/recipe_backend/src/db/session.py", "pattern": "/^async def get_db():$/", "language": "Python", "kind": "function", "signature": "()"}], "hash": "78b3bd8cd58ebba8ed8da62d24eb4801", "format-version": 4, "code-base-name": "recipe_backend", "filename": "recipe_backend/src/db/session.py", "fields": [{"name": "SQLALCHEMY_DATABASE_URL = SQLALCHEMY_DATABASE_URL.replace(\"postgresql:\\/\\/\", \"postgresql+asy/", "scope": "", "scopeKind": "", "description": "unavailable"}, {"name": "SQLALCHEMY_DATABASE_URL = settings.DATABASE_URL", "scope": "", "scopeKind": "", "description": "unavailable"}, {"name": "SessionLocal = sessionmaker(engine, class_=AsyncSession, expire_on_commit=False)", "scope": "", "scopeKind": "", "description": "unavailable"}, {"name": "engine = create_async_engine(SQLALCHEMY_DATABASE_URL, future=True)", "scope": "", "scopeKind": "", "description": "unavailable"}], "revision_history": [{"26": ""}]}